상품 아이디,상품명,상품 이미지,브랜드명,단가,신상품 여부,추천수,리뷰수
TLSCM25621BLK,남성 지퍼포켓 셔켓 (SET-UP),TLSCM25621BLK_XXX.jpg,KOLON SPORT,138000,O,0,0
TLSCM25611NAY,남성 시어서커 깅엄체크 반팔셔츠,TLSCM25611NAY_XXX.jpg,KOLON SPORT,138000,O,0,0
JWPOM25231GBE,남성 카고 7부 팬츠 ,JWPOM25231GBE_XXX.jpg,KOLON SPORT,148000,X,5,1
JWPOM25231DGY,남성 카고 7부 팬츠 ,JWPOM25231DGY_XXX.jpg,KOLON SPORT,148000,X,5,1
6MTCM25461NAY,남성 SECO AIR 반팔 폴로티셔츠,6MTCM25461NAY_XXX.jpg,KOLON SPORT,16800,O,0,0
6MTCM25461LGY,남성 SECO AIR 반팔 폴로티셔츠,6MTCM25461LGY_XXX.jpg,KOLON SPORT,16800,O,0,0
JWTCM25311OKH,남녀공용 볼더링 그래픽 반팔 티셔츠,JWTCM25311OKH_XXX.jpg,KOLON SPORT,88000,O,0,0
JWTCM25311LGI,남녀공용 볼더링 그래픽 반팔 티셔츠,JWTCM25311LGI_XXX.jpg,KOLON SPORT,88000,O,0,0
JWTCM25311DGY,남녀공용 볼더링 그래픽 반팔 티셔츠,JWTCM25311DGY_XXX.jpg,KOLON SPORT,88000,O,0,0
6MJGX25151DGR,남성 고어텍스 C-KNIT 1992 방수자켓,6MJGX25151DGR_XXX.jpg,KOLON SPORT,670000,O,0,0
6MTCM25451LGY,남성 심리스 반팔 폴로티셔츠,6MTCM25451LGY_XXX.jpg,KOLON SPORT,168000,O,0,0
6MJGX25151BLK,남성 고어텍스 C-KNIT 1992 방수자켓,6MJGX25151BLK_XXX.jpg,KOLON SPORT,670000,O,0,0
